Workbook

Sheet Instrucciones
A1: CuidaPiel · Validación de contenido del banco de preguntas
A2: Versión del banco: 2026-10-01 · 42 ítems (12 forma A de ingreso, 12 forma B de alta, 18 del desafío diario)
A4: Qué hacer
A5: 1. Cada experto o experta tiene una columna (E1 a E6) en las hojas «Relevancia» y «Claridad». Complete solo las celdas amarillas.
A6: 2. Relevancia: ¿el ítem mide un cuidado importante para prevenir lesiones por presión en casa? 1 = no relevante · 2 = algo relevante · 3 = bastante relevante · 4 = muy relevante.
A7: 3. Claridad: ¿lo entiende un paciente chileno con poca escolaridad? 1 = nada claro · 2 = poco claro · 3 = claro · 4 = muy claro. Anote sugerencias de redacción en la columna final.
A8: 4. Si hay menos de 6 expertos, deje vacías las columnas que sobran: las fórmulas cuentan solo las celdas con nota.
A9: 5. En «Relevancia», la columna «Decisión» (amarilla) es para el equipo investigador: Mantener, Modificar o Eliminar.
A11: Cómo se calcula
A12: I-CVI = expertos que puntúan 3 o 4 ÷ expertos que evaluaron el ítem (Lynn 1986; Polit y Beck 2006).
A13: Kappa modificado κ* = (I-CVI − Pc) ÷ (1 − Pc), con Pc = COMBIN(N; A) × 0,5^N, la probabilidad de acuerdo por azar (Polit, Beck y Owen 2007).
A14: Interpretación de κ*: > 0,74 excelente · 0,60–0,74 bueno · 0,40–0,59 regular · < 0,40 revisar (Polit, Beck y Owen 2007).
... A17: Ejemplo de una fila completa (no forma parte del banco)
A18: Ítem de ejemplo | B18: E1 | C18: E2 | D18: E3 | E18: E4 | F18: E5 | G18: E6 | H18: N | I18: I-CVI | J18: κ*
A19: EJEMPLO | B19: 4 | C19: 4 | D19: 3 | E19: 4 | F19: 3 | G19: 2 | H19: =COUNT(B19:G19) | I19: =IF(H19=0,"",COUNTIF(B19:G19,">=3")/H19) | J19: =IF(H19=0,"",(I19-COMBIN(H19,COUNTIF(B19:G19,">=3"))*0.5^H19)/(1-COMBIN(H19,COUNTIF(B19:G19,">=3"))*0.5^H19))
A21: Leyenda: celdas amarillas = para completar (números azules) · celdas lilas = cálculo automático; no las edite.
A22: Referencias: Lynn MR. Nurs Res. 1986;35(6):382-5 (PMID 3640358). Polit DF, Beck CT. Res Nurs Health. 2006;29(5):489-97 (PMID 16977646). Polit DF, Beck CT, Owen SV. Res Nurs Health. 2007;30(4):459-67 (PMID 17654487).

Sheet Resumen
A1: Resumen de validez de contenido
A3: Umbral I-CVI aceptable | B3: 0.78 | C3: Polit y Beck 2006 (PMID 16977646): I-CVI ≥ 0,78 con 6 o más expertos (Lynn 1986).
A4: Umbral S-CVI/Ave aceptable | B4: 0.9 | C4: Polit y Beck 2006 (PMID 16977646): S-CVI/Ave ≥ 0,90.
A6: Conjunto | B6: Ítems | C6: Ítems evaluados | D6: S-CVI/Ave | E6: S-CVI/UA | F6: Ítems bajo umbral | G6: Cumple S-CVI/Ave
A7: A · ingreso | B7: =COUNTIF(Relevancia!$B$2:$B$43,"A") | C7: =COUNTIFS(Relevancia!$B$2:$B$43,"A",Relevancia!$M$2:$M$43,">0") | D7: =IFERROR(AVERAGEIFS(Relevancia!$O$2:$O$43,Relevancia!$B$2:$B$43,"A"),"") | E7: =IF(C7=0,"",COUNTIFS(Relevancia!$B$2:$B$43,"A",Relevancia!$O$2:$O$43,1)/C7) | F7: =IF(C7=0,"",COUNTIFS(Relevancia!$B$2:$B$43,"A",Relevancia!$O$2:$O$43,"<"&$B$3)) | G7: =IF(D7="","",IF(D7>=$B$4,"Sí","No"))
A8: B · alta | B8: =COUNTIF(Relevancia!$B$2:$B$43,"B") | C8: =COUNTIFS(Relevancia!$B$2:$B$43,"B",Relevancia!$M$2:$M$43,">0") | D8: =IFERROR(AVERAGEIFS(Relevancia!$O$2:$O$43,Relevancia!$B$2:$B$43,"B"),"") | E8: =IF(C8=0,"",COUNTIFS(Relevancia!$B$2:$B$43,"B",Relevancia!$O$2:$O$43,1)/C8) | F8: =IF(C8=0,"",COUNTIFS(Relevancia!$B$2:$B$43,"B",Relevancia!$O$2:$O$43,"<"&$B$3)) | G8: =IF(D8="","",IF(D8>=$B$4,"Sí","No"))
A9: D · desafío diario | B9: =COUNTIF(Relevancia!$B$2:$B$43,"D") | C9: =COUNTIFS(Relevancia!$B$2:$B$43,"D",Relevancia!$M$2:$M$43,">0") | D9: =IFERROR(AVERAGEIFS(Relevancia!$O$2:$O$43,Relevancia!$B$2:$B$43,"D"),"") | E9: =IF(C9=0,"",COUNTIFS(Relevancia!$B$2:$B$43,"D",Relevancia!$O$2:$O$43,1)/C9) | F9: =IF(C9=0,"",COUNTIFS(Relevancia!$B$2:$B$43,"D",Relevancia!$O$2:$O$43,"<"&$B$3)) | G9: =IF(D9="","",IF(D9>=$B$4,"Sí","No"))
A10: Banco completo | B10: =COUNTA(Relevancia!$A$2:$A$43) | C10: =COUNTIF(Relevancia!$M$2:$M$43,">0") | D10: =IFERROR(AVERAGE(Relevancia!$O$2:$O$43),"") | E10: =IF(C10=0,"",COUNTIF(Relevancia!$O$2:$O$43,1)/C10) | F10: =IF(C10=0,"",COUNTIF(Relevancia!$O$2:$O$43,"<"&$B$3)) | G10: =IF(D10="","",IF(D10>=$B$4,"Sí","No"))
A12: Dominio | B12: Ítems | C12: S-CVI/Ave
A13: Cambios de posición | B13: =COUNTIF(Relevancia!$C$2:$C$43,A13) | C13: =IFERROR(AVERAGEIFS(Relevancia!$O$2:$O$43,Relevancia!$C$2:$C$43,A13),"")
A14: Cuidado de la piel | B14: =COUNTIF(Relevancia!$C$2:$C$43,A14) | C14: =IFERROR(AVERAGEIFS(Relevancia!$O$2:$O$43,Relevancia!$C$2:$C$43,A14),"")
A15: Revisión de la piel | B15: =COUNTIF(Relevancia!$C$2:$C$43,A15) | C15: =IFERROR(AVERAGEIFS(Relevancia!$O$2:$O$43,Relevancia!$C$2:$C$43,A15),"")
A16: Colchón, cojín y apoyos | B16: =COUNTIF(Relevancia!$C$2:$C$43,A16) | C16: =IFERROR(AVERAGEIFS(Relevancia!$O$2:$O$43,Relevancia!$C$2:$C$43,A16),"")
A17: Alimentación e hidratación | B17: =COUNTIF(Relevancia!$C$2:$C$43,A17) | C17: =IFERROR(AVERAGEIFS(Relevancia!$O$2:$O$43,Relevancia!$C$2:$C$43,A17),"")
A18: Señales de alarma | B18: =COUNTIF(Relevancia!$C$2:$C$43,A18) | C18: =IFERROR(AVERAGEIFS(Relevancia!$O$2:$O$43,Relevancia!$C$2:$C$43,A18),"")
A20: Las celdas quedan vacías hasta que haya notas de expertos en la hoja «Relevancia».

Sheet Relevancia
A1: ID | B1: Forma | C1: Dominio | D1: Competencia | E1: Enunciado | F1: Respuesta correcta | G1: E1 | H1: E2 | I1: E3 | J1: E4 | K1: E5 | L1: E6 | M1: N expertos | N1: Acuerdo (3 o 4) | O1: I-CVI | P1: Pc (azar) | Q1: κ* | R1: Interpretación | S1: Decisión | T1: Comentarios
A2: A-P1 | B2: A | C2: Cambios de posición | D2: P1 · Inclinación lateral de 30° con apoyo | E2: Cuando la persona queda acostada de lado, ¿cómo debe quedar? | F2: Apenas inclinada, unos 30°, con una almohada en la espalda | M2: =COUNT(G2:L2) | N2: =COUNTIF(G2:L2,">=3") | O2: =IF(M2=0,"",N2/M2) | P2: =IF(M2=0,"",COMBIN(M2,N2)*0.5^M2) | Q2: =IF(M2=0,"",(O2-P2)/(1-P2)) | R2: =IF(Q2="","",IF(Q2>0.74,"Excelente",IF(Q2>=0.6,"Bueno",IF(Q2>=0.4,"Regular","Revisar"))))
A3: A-P2 | B3: A | C3: Cambios de posición | D3: P2 · Talones sin apoyo (flotando) | E3: ¿Dónde va la almohada para que los talones no se apoyen en el colchón? | F3: Debajo de las pantorrillas, con los talones en el aire | M3: =COUNT(G3:L3) | N3: =COUNTIF(G3:L3,">=3") | O3: =IF(M3=0,"",N3/M3) | P3: =IF(M3=0,"",COMBIN(M3,N3)*0.5^M3) | Q3: =IF(M3=0,"",(O3-P3)/(1-P3)) | R3: =IF(Q3="","",IF(Q3>0.74,"Excelente",IF(Q3>=0.6,"Bueno",IF(Q3>=0.4,"Regular","Revisar"))))
A4: A-S1 | B4: A | C4: Cuidado de la piel | D4: S1 · Manejo de la humedad y crema barrera | E4: Después de cambiar un pañal mojado, ¿qué corresponde hacer? | F4: Limpiar con suavidad, secar con toquecitos y aplicar crema barrera | M4: =COUNT(G4:L4) | N4: =COUNTIF(G4:L4,">=3") | O4: =IF(M4=0,"",N4/M4) | P4: =IF(M4=0,"",COMBIN(M4,N4)*0.5^M4) | Q4: =IF(M4=0,"",(O4-P4)/(1-P4)) | R4: =IF(Q4="","",IF(Q4>0.74,"Excelente",IF(Q4>=0.6,"Bueno",IF(Q4>=0.4,"Regular","Revisar"))))
A5: A-S2 | B5: A | C5: Cuidado de la piel | D5: S2 · Cuidar la piel sin dañarla | E5: Ve una zona enrojecida en la parte baja de la espalda. ¿Qué es lo correcto? | F5: Quitarle el apoyo y vigilarla | M5: =COUNT(G5:L5) | N5: =COUNTIF(G5:L5,">=3") | O5: =IF(M5=0,"",N5/M5) | P5: =IF(M5=0,"",COMBIN(M5,N5)*0.5^M5) | Q5: =IF(M5=0,"",(O5-P5)/(1-P5)) | R5: =IF(Q5="","",IF(Q5>0.74,"Excelente",IF(Q5>=0.6,"Bueno",IF(Q5>=0.4,"Regular","Revisar"))))
A6: A-R1 | B6: A | C6: Revisión de la piel | D6: R1 · Frecuencia y momento de la revisión | E6: ¿Cada cuánto conviene revisar la piel? | F6: Todos los días, con buena luz | M6: =COUNT(G6:L6) | N6: =COUNTIF(G6:L6,">=3") | O6: =IF(M6=0,"",N6/M6) | P6: =IF(M6=0,"",COMBIN(M6,N6)*0.5^M6) | Q6: =IF(M6=0,"",(O6-P6)/(1-P6)) | R6: =IF(Q6="","",IF(Q6>0.74,"Excelente",IF(Q6>=0.6,"Bueno",IF(Q6>=0.4,"Regular","Revisar"))))
A7: A-R2 | B7: A | C7: Revisión de la piel | D7: R2 · Interpretación de la prueba del dedo | E7: Presiona con el dedo una zona roja y NO se pone blanca. ¿Qué significa? | F7: Que puede ser una lesión por presión inicial: hay que quitar el apoyo y avisar | M7: =COUNT(G7:L7) | N7: =COUNTIF(G7:L7,">=3") | O7: =IF(M7=0,"",N7/M7) | P7: =IF(M7=0,"",COMBIN(M7,N7)*0.5^M7) | Q7: =IF(M7=0,"",(O7-P7)/(1-P7)) | R7: =IF(Q7="","",IF(Q7>0.74,"Excelente",IF(Q7>=0.6,"Bueno",IF(Q7>=0.4,"Regular","Revisar"))))
A8: A-U1 | B8: A | C8: Colchón, cojín y apoyos | D8: U1 · Evitar dispositivos inadecuados | E8: ¿Qué cojín es adecuado para estar sentado en el sillón? | F8: Un cojín antiescaras indicado por su equipo de salud | M8: =COUNT(G8:L8) | N8: =COUNTIF(G8:L8,">=3") | O8: =IF(M8=0,"",N8/M8) | P8: =IF(M8=0,"",COMBIN(M8,N8)*0.5^M8) | Q8: =IF(M8=0,"",(O8-P8)/(1-P8)) | R8: =IF(Q8="","",IF(Q8>0.74,"Excelente",IF(Q8>=0.6,"Bueno",IF(Q8>=0.4,"Regular","Revisar"))))
A9: A-U2 | B9: A | C9: Colchón, cojín y apoyos | D9: U2 · La superficie no reemplaza los cambios de posición | E9: Si la persona tiene un colchón antiescaras… | F9: Igual necesita cambios de posición regulares | M9: =COUNT(G9:L9) | N9: =COUNTIF(G9:L9,">=3") | O9: =IF(M9=0,"",N9/M9) | P9: =IF(M9=0,"",COMBIN(M9,N9)*0.5^M9) | Q9: =IF(M9=0,"",(O9-P9)/(1-P9)) | R9: =IF(Q9="","",IF(Q9>0.74,"Excelente",IF(Q9>=0.6,"Bueno",IF(Q9>=0.4,"Regular","Revisar"))))
A10: A-N1 | B10: A | C10: Alimentación e hidratación | D10: N1 · Proteínas en la alimentación | E10: ¿Qué alimentos ayudan más a que la piel se mantenga firme y se repare? | F10: Huevo, leche, legumbres, pescado o carne | M10: =COUNT(G10:L10) | N10: =COUNTIF(G10:L10,">=3") | O10: =IF(M10=0,"",N10/M10) | P10: =IF(M10=0,"",COMBIN(M10,N10)*0.5^M10) | Q10: =IF(M10=0,"",(O10-P10)/(1-P10)) | R10: =IF(Q10="","",IF(Q10>0.74,"Excelente",IF(Q10>=0.6,"Bueno",IF(Q10>=0.4,"Regular","Revisar"))))
A11: A-N2 | B11: A | C11: Alimentación e hidratación | D11: N2 · Hidratación según indicación médica | E11: Si el médico no ha indicado limitar líquidos, ¿cuánta agua conviene al día? | F11: Unos 6 a 8 vasos, en sorbos durante el día | M11: =COUNT(G11:L11) | N11: =COUNTIF(G11:L11,">=3") | O11: =IF(M11=0,"",N11/M11) | P11: =IF(M11=0,"",COMBIN(M11,N11)*0.5^M11) | Q11: =IF(M11=0,"",(O11-P11)/(1-P11)) | R11: =IF(Q11="","",IF(Q11>0.74,"Excelente",IF(Q11>=0.6,"Bueno",IF(Q11>=0.4,"Regular","Revisar"))))
A12: A-A1 | B12: A | C12: Señales de alarma | D12: A1 · Cuándo consultar hoy | E12: ¿En cuál de estas situaciones hay que consultar hoy al equipo de salud? | F12: Aparece una ampolla o la piel se abre | M12: =COUNT(G12:L12) | N12: =COUNTIF(G12:L12,">=3") | O12: =IF(M12=0,"",N12/M12) | P12: =IF(M12=0,"",COMBIN(M12,N12)*0.5^M12) | Q12: =IF(M12=0,"",(O12-P12)/(1-P12)) | R12: =IF(Q12="","",IF(Q12>0.74,"Excelente",IF(Q12>=0.6,"Bueno",IF(Q12>=0.4,"Regular","Revisar"))))
A13: A-A2 | B13: A | C13: Señales de alarma | D13: A2 · Cuándo acudir a urgencia | E13: La herida tiene mal olor y la persona tiene fiebre y está confundida. ¿Qué hace? | F13: Acude a un servicio de urgencia | M13: =COUNT(G13:L13) | N13: =COUNTIF(G13:L13,">=3") | O13: =IF(M13=0,"",N13/M13) | P13: =IF(M13=0,"",COMBIN(M13,N13)*0.5^M13) | Q13: =IF(M13=0,"",(O13-P13)/(1-P13)) | R13: =IF(Q13="","",IF(Q13>0.74,"Excelente",IF(Q13>=0.6,"Bueno",IF(Q13>=0.4,"Regular","Revisar"))))
... A43: D-18 | B43: D | C43: Cuidado de la piel | D43: S1 · Manejo de la humedad y crema barrera | E43: Si hay incontinencia, ¿qué protege la piel? | F43: Una crema barrera después de cada limpieza | M43: =COUNT(G43:L43) | N43: =COUNTIF(G43:L43,">=3") | O43: =IF(M43=0,"",N43/M43) | P43: =IF(M43=0,"",COMBIN(M43,N43)*0.5^M43) | Q43: =IF(M43=0,"",(O43-P43)/(1-P43)) | R43: =IF(Q43="","",IF(Q43>0.74,"Excelente",IF(Q43>=0.6,"Bueno",IF(Q43>=0.4,"Regular","Revisar"))))

Sheet Claridad
A1: ID | B1: Forma | C1: Enunciado | D1: Alternativas | E1: E1 | F1: E2 | G1: E3 | H1: E4 | I1: E5 | J1: E6 | K1: N expertos | L1: Claro (3 o 4) | M1: Índice de claridad | N1: Sugerencias de redacción
A2: A-P1 | B2: A | C2: Cuando la persona queda acostada de lado, ¿cómo debe quedar? | D2: A) Completamente de lado, en ángulo recto (90°) / B) Apenas inclinada, unos 30°, con una almohada en la espalda / C) Boca abajo, para descansar la espalda | K2: =COUNT(E2:J2) | L2: =COUNTIF(E2:J2,">=3") | M2: =IF(K2=0,"",L2/K2)
A3: A-P2 | B3: A | C3: ¿Dónde va la almohada para que los talones no se apoyen en el colchón? | D3: A) Debajo de las pantorrillas, con los talones en el aire / B) Debajo de los talones / C) No hace falta una almohada | K3: =COUNT(E3:J3) | L3: =COUNTIF(E3:J3,">=3") | M3: =IF(K3=0,"",L3/K3)
A4: A-S1 | B4: A | C4: Después de cambiar un pañal mojado, ¿qué corresponde hacer? | D4: A) Frotar con alcohol para desinfectar / B) Echar talco en abundancia / C) Limpiar con suavidad, secar con toquecitos y aplicar crema barrera | K4: =COUNT(E4:J4) | L4: =COUNTIF(E4:J4,">=3") | M4: =IF(K4=0,"",L4/K4)
A5: A-S2 | B5: A | C5: Ve una zona enrojecida en la parte baja de la espalda. ¿Qué es lo correcto? | D5: A) Masajearla para activar la circulación / B) Quitarle el apoyo y vigilarla / C) Frotarla con colonia | K5: =COUNT(E5:J5) | L5: =COUNTIF(E5:J5,">=3") | M5: =IF(K5=0,"",L5/K5)
A6: A-R1 | B6: A | C6: ¿Cada cuánto conviene revisar la piel? | D6: A) Todos los días, con buena luz / B) Una vez por semana / C) Solo cuando la persona se queja | K6: =COUNT(E6:J6) | L6: =COUNTIF(E6:J6,">=3") | M6: =IF(K6=0,"",L6/K6)
A7: A-R2 | B7: A | C7: Presiona con el dedo una zona roja y NO se pone blanca. ¿Qué significa? | D7: A) Que la piel está sana / B) Que necesita un masaje / C) Que puede ser una lesión por presión inicial: hay que quitar el apoyo y avisar | K7: =COUNT(E7:J7) | L7: =COUNTIF(E7:J7,">=3") | M7: =IF(K7=0,"",L7/K7)
A8: A-U1 | B8: A | C8: ¿Qué cojín es adecuado para estar sentado en el sillón? | D8: A) Un cojín con forma de rosca, con hoyo al centro / B) Un cojín antiescaras indicado por su equipo de salud / C) Ninguno: es mejor una superficie dura | K8: =COUNT(E8:J8) | L8: =COUNTIF(E8:J8,">=3") | M8: =IF(K8=0,"",L8/K8)
A9: A-U2 | B9: A | C9: Si la persona tiene un colchón antiescaras… | D9: A) Igual necesita cambios de posición regulares / B) Ya no necesita cambiar de posición / C) Debe pasar el día sentada | K9: =COUNT(E9:J9) | L9: =COUNTIF(E9:J9,">=3") | M9: =IF(K9=0,"",L9/K9)
A10: A-N1 | B10: A | C10: ¿Qué alimentos ayudan más a que la piel se mantenga firme y se repare? | D10: A) Bebidas azucaradas / B) Pan y galletas solamente / C) Huevo, leche, legumbres, pescado o carne | K10: =COUNT(E10:J10) | L10: =COUNTIF(E10:J10,">=3") | M10: =IF(K10=0,"",L10/K10)
A11: A-N2 | B11: A | C11: Si el médico no ha indicado limitar líquidos, ¿cuánta agua conviene al día? | D11: A) Unos 6 a 8 vasos, en sorbos durante el día / B) Un vaso al día / C) Lo menos posible, para no mojar el pañal | K11: =COUNT(E11:J11) | L11: =COUNTIF(E11:J11,">=3") | M11: =IF(K11=0,"",L11/K11)
A12: A-A1 | B12: A | C12: ¿En cuál de estas situaciones hay que consultar hoy al equipo de salud? | D12: A) La piel está un poco seca / B) Aparece una ampolla o la piel se abre / C) Las sábanas quedaron arrugadas | K12: =COUNT(E12:J12) | L12: =COUNTIF(E12:J12,">=3") | M12: =IF(K12=0,"",L12/K12)
A13: A-A2 | B13: A | C13: La herida tiene mal olor y la persona tiene fiebre y está confundida. ¿Qué hace? | D13: A) Espera al próximo control / B) Le aplica crema y observa / C) Acude a un servicio de urgencia | K13: =COUNT(E13:J13) | L13: =COUNTIF(E13:J13,">=3") | M13: =IF(K13=0,"",L13/K13)
... A43: D-18 | B43: D | C43: Si hay incontinencia, ¿qué protege la piel? | D43: A) Usar dos pañales a la vez / B) Lavar con agua muy caliente / C) Una crema barrera después de cada limpieza | K43: =COUNT(E43:J43) | L43: =COUNTIF(E43:J43,">=3") | M43: =IF(K43=0,"",L43/K43)

Sheet Formas paralelas
A1: Competencia | B1: Dominio | C1: Ítem A (ingreso) | D1: I-CVI A | E1: Ítem B (alta) | F1: I-CVI B | G1: Ambos ≥ umbral
A2: P1 · Inclinación lateral de 30° con apoyo | B2: Cambios de posición | C2: A-P1 | D2: =IFERROR(INDEX(Relevancia!$O$2:$O$43,MATCH(C2,Relevancia!$A$2:$A$43,0)),"") | E2: B-P1 | F2: =IFERROR(INDEX(Relevancia!$O$2:$O$43,MATCH(E2,Relevancia!$A$2:$A$43,0)),"") | G2: =IF(OR(D2="",F2=""),"",IF(AND(D2>=Resumen!$B$3,F2>=Resumen!$B$3),"Sí","No"))
A3: P2 · Talones sin apoyo (flotando) | B3: Cambios de posición | C3: A-P2 | D3: =IFERROR(INDEX(Relevancia!$O$2:$O$43,MATCH(C3,Relevancia!$A$2:$A$43,0)),"") | E3: B-P2 | F3: =IFERROR(INDEX(Relevancia!$O$2:$O$43,MATCH(E3,Relevancia!$A$2:$A$43,0)),"") | G3: =IF(OR(D3="",F3=""),"",IF(AND(D3>=Resumen!$B$3,F3>=Resumen!$B$3),"Sí","No"))
A4: S1 · Manejo de la humedad y crema barrera | B4: Cuidado de la piel | C4: A-S1 | D4: =IFERROR(INDEX(Relevancia!$O$2:$O$43,MATCH(C4,Relevancia!$A$2:$A$43,0)),"") | E4: B-S1 | F4: =IFERROR(INDEX(Relevancia!$O$2:$O$43,MATCH(E4,Relevancia!$A$2:$A$43,0)),"") | G4: =IF(OR(D4="",F4=""),"",IF(AND(D4>=Resumen!$B$3,F4>=Resumen!$B$3),"Sí","No"))
A5: S2 · Cuidar la piel sin dañarla | B5: Cuidado de la piel | C5: A-S2 | D5: =IFERROR(INDEX(Relevancia!$O$2:$O$43,MATCH(C5,Relevancia!$A$2:$A$43,0)),"") | E5: B-S2 | F5: =IFERROR(INDEX(Relevancia!$O$2:$O$43,MATCH(E5,Relevancia!$A$2:$A$43,0)),"") | G5: =IF(OR(D5="",F5=""),"",IF(AND(D5>=Resumen!$B$3,F5>=Resumen!$B$3),"Sí","No"))
A6: R1 · Frecuencia y momento de la revisión | B6: Revisión de la piel | C6: A-R1 | D6: =IFERROR(INDEX(Relevancia!$O$2:$O$43,MATCH(C6,Relevancia!$A$2:$A$43,0)),"") | E6: B-R1 | F6: =IFERROR(INDEX(Relevancia!$O$2:$O$43,MATCH(E6,Relevancia!$A$2:$A$43,0)),"") | G6: =IF(OR(D6="",F6=""),"",IF(AND(D6>=Resumen!$B$3,F6>=Resumen!$B$3),"Sí","No"))
A7: R2 · Interpretación de la prueba del dedo | B7: Revisión de la piel | C7: A-R2 | D7: =IFERROR(INDEX(Relevancia!$O$2:$O$43,MATCH(C7,Relevancia!$A$2:$A$43,0)),"") | E7: B-R2 | F7: =IFERROR(INDEX(Relevancia!$O$2:$O$43,MATCH(E7,Relevancia!$A$2:$A$43,0)),"") | G7: =IF(OR(D7="",F7=""),"",IF(AND(D7>=Resumen!$B$3,F7>=Resumen!$B$3),"Sí","No"))
A8: U1 · Evitar dispositivos inadecuados | B8: Colchón, cojín y apoyos | C8: A-U1 | D8: =IFERROR(INDEX(Relevancia!$O$2:$O$43,MATCH(C8,Relevancia!$A$2:$A$43,0)),"") | E8: B-U1 | F8: =IFERROR(INDEX(Relevancia!$O$2:$O$43,MATCH(E8,Relevancia!$A$2:$A$43,0)),"") | G8: =IF(OR(D8="",F8=""),"",IF(AND(D8>=Resumen!$B$3,F8>=Resumen!$B$3),"Sí","No"))
A9: U2 · La superficie no reemplaza los cambios de posición | B9: Colchón, cojín y apoyos | C9: A-U2 | D9: =IFERROR(INDEX(Relevancia!$O$2:$O$43,MATCH(C9,Relevancia!$A$2:$A$43,0)),"") | E9: B-U2 | F9: =IFERROR(INDEX(Relevancia!$O$2:$O$43,MATCH(E9,Relevancia!$A$2:$A$43,0)),"") | G9: =IF(OR(D9="",F9=""),"",IF(AND(D9>=Resumen!$B$3,F9>=Resumen!$B$3),"Sí","No"))
A10: N1 · Proteínas en la alimentación | B10: Alimentación e hidratación | C10: A-N1 | D10: =IFERROR(INDEX(Relevancia!$O$2:$O$43,MATCH(C10,Relevancia!$A$2:$A$43,0)),"") | E10: B-N1 | F10: =IFERROR(INDEX(Relevancia!$O$2:$O$43,MATCH(E10,Relevancia!$A$2:$A$43,0)),"") | G10: =IF(OR(D10="",F10=""),"",IF(AND(D10>=Resumen!$B$3,F10>=Resumen!$B$3),"Sí","No"))
A11: N2 · Hidratación según indicación médica | B11: Alimentación e hidratación | C11: A-N2 | D11: =IFERROR(INDEX(Relevancia!$O$2:$O$43,MATCH(C11,Relevancia!$A$2:$A$43,0)),"") | E11: B-N2 | F11: =IFERROR(INDEX(Relevancia!$O$2:$O$43,MATCH(E11,Relevancia!$A$2:$A$43,0)),"") | G11: =IF(OR(D11="",F11=""),"",IF(AND(D11>=Resumen!$B$3,F11>=Resumen!$B$3),"Sí","No"))
A12: A1 · Cuándo consultar hoy | B12: Señales de alarma | C12: A-A1 | D12: =IFERROR(INDEX(Relevancia!$O$2:$O$43,MATCH(C12,Relevancia!$A$2:$A$43,0)),"") | E12: B-A1 | F12: =IFERROR(INDEX(Relevancia!$O$2:$O$43,MATCH(E12,Relevancia!$A$2:$A$43,0)),"") | G12: =IF(OR(D12="",F12=""),"",IF(AND(D12>=Resumen!$B$3,F12>=Resumen!$B$3),"Sí","No"))
A13: A2 · Cuándo acudir a urgencia | B13: Señales de alarma | C13: A-A2 | D13: =IFERROR(INDEX(Relevancia!$O$2:$O$43,MATCH(C13,Relevancia!$A$2:$A$43,0)),"") | E13: B-A2 | F13: =IFERROR(INDEX(Relevancia!$O$2:$O$43,MATCH(E13,Relevancia!$A$2:$A$43,0)),"") | G13: =IF(OR(D13="",F13=""),"",IF(AND(D13>=Resumen!$B$3,F13>=Resumen!$B$3),"Sí","No"))
